keyword,cluster,status,wp_post_id,last_error
findom telegram etiquette,telegram,done,5878,
how to find a real findom on telegram,telegram,done,5860,
findom telegram etiquette for beginners,telegram,done,5876,
is findom telegram safe for paypigs,telegram,done,5882,
how to avoid scams in findom telegram,telegram,todo,,
best findom telegram channels for paypigs,telegram,todo,,
what to expect from a findom telegram session,telegram,todo,,
how to approach a findom on telegram respectfully,telegram,todo,,
findom telegram red flags to watch for,telegram,todo,,
how I evaluate findom telegram profiles,telegram,todo,,
why findom telegram is different from twitter,telegram,todo,,
best findom forums for paypigs,forum,todo,,
how to behave on a findom forum,forum,todo,,
are findom forums still active in 2026,forum,todo,,
findom forum etiquette and unwritten rules,forum,todo,,
how to avoid drama on findom forums,forum,todo,,
findom forum vs telegram differences,forum,todo,,
how to build a reputation on a findom forum,forum,todo,,
findom forum scams and how to spot them,forum,todo,,
why I still use findom forums in 2026,forum,todo,,
how to find serious dommes on findom forums,forum,todo,,
best findom movies to watch online,movies,todo,,
where to watch findom movies safely,movies,todo,,
are findom movies realistic,movies,todo,,
how I choose quality findom movies,movies,todo,,
findom movies vs real life sessions,movies,todo,,
what makes a good findom movie,movies,todo,,
findom movies for beginners,movies,todo,,
are paid findom movies worth it,movies,todo,,
how to avoid fake findom movies online,movies,todo,,
why findom movies can shape expectations,movies,todo,,
